session_id,row_count,anomaly_count,anomaly_rate
2017-07-26_Seat_Leon_S_KA_Normal,21609,2527,0.1169
2017-07-26_Seat_Leon_RT_S_Stau,47341,4876,0.103
2017-07-11_Seat_Leon_KA_S_Normal,41041,3755,0.0915
2017-07-11_Seat_Leon_S_RT_Frei,28105,2570,0.0914
2017-08-10_Seat_Leon_RT_S_Normal,29466,2498,0.0848
2017-07-05_Seat_Leon_S_KA_Normal,30808,2568,0.0834
2018-03-19_Seat_Leon_RT_KA_Normal,70513,5762,0.0817
2017-08-07_Seat_Leon_KA_RT_Frei,27362,1866,0.0682
2018-02-18_Seat_Leon_RT_KA_Stau,53834,3573,0.0664
2017-07-13_Seat_Leon_RT_KA_Stau_Messfehler,59625,3919,0.0657
2017-08-07_Seat_Leon_RT_KA_Frei_Vollbremsung,39101,2038,0.0521
2017-08-01_Seat_Leon_KA_RT_Normal,47788,2388,0.05
2018-02-27_Seat_Leon_KA_RT_Normal,47336,2335,0.0493
2017-07-31_Seat_Leon_RT_KA_Normal,57322,2637,0.046
2017-08-04_Seat_Leon_S_RT_Normal,32894,1429,0.0434
2018-02-26_Seat_Leon_RT_KA_Normal,56667,2440,0.0431
2018-02-23_Seat_Leon_RT_RT_Frei_Beschleunigung,10167,341,0.0335
2017-07-06_Seat_Leon_KA_KA_Normal,18102,602,0.0333
2018-03-06_Seat_Leon_KA_RT_Normal,45993,1508,0.0328
2018-03-21_Seat_Leon_KA_RT_Normal,51557,1683,0.0326
2017-07-11_Seat_Leon_KA_KA_Stau,17925,561,0.0313
2017-07-10_Seat_Leon_KA_KA_Stau,14561,453,0.0311
2017-07-28_Seat_Leon_KA_KA_Normal,13908,431,0.031
2018-03-29_Seat_Leon_KA_RT_Stau,86645,2653,0.0306
2018-02-28_Seat_Leon_S_RT_Normal,34371,1041,0.0303
2017-07-27_Seat_Leon_KA_KA_Normal,13574,410,0.0302
2017-07-24_Seat_Leon_RT_KA_Normal,54857,1643,0.03
2017-07-14_Seat_Leon_KA_RT_Normal,54028,1583,0.0293
2018-02-21_Seat_Leon_KA_BB_Normal,43581,1259,0.0289
2018-04-23_Seat_Leon_KA_KA_Frei,9692,260,0.0268
2017-07-28_Seat_Leon_KA_RT_Stau,73191,1948,0.0266
2017-07-27_Seat_Leon_KA_KA_2_Normal,16952,445,0.0263
2017-07-06_Seat_Leon_KA_RT_Normal,57240,1467,0.0256
2018-02-26_Seat_Leon_KA_KA_Frei,10971,272,0.0248
2018-04-23_Seat_Leon_RT_KA_Normal,76454,1856,0.0243
2017-07-13_Seat_Leon_KA_KA_Normal,11207,257,0.0229
2017-07-14_Seat_Leon_KA_KA_Frei,6820,144,0.0211
2017-08-01_Seat_Leon_KA_KA_Frei,14501,275,0.019
2018-02-20_Seat_Leon_KA_KA_Frei,8894,163,0.0183
2018-02-21_Seat_Leon_KA_KA_Normal,15363,275,0.0179
2018-02-23_Seat_Leon_S_RT_Normal,20396,345,0.0169
2017-08-05_Seat_Leon_S_CW_Normal,35460,571,0.0161
2018-03-19_Seat_Leon_KA_KA_Frei,11298,182,0.0161
2018-02-23_Seat_Leon_RT_S_Normal,31949,503,0.0157
2017-07-12_Seat_Leon_S_RT_Normal,32364,509,0.0157
2018-03-22_Seat_Leon_RT_S_Normal,37073,539,0.0145
2017-08-09_Seat_Leon_RT_S_Normal,38653,553,0.0143
2018-02-14_Seat_Leon_S_RT_Normal,26093,357,0.0137
2017-08-02_Seat_Leon_RT_S_Normal,38515,482,0.0125
2018-03-20_Seat_Leon_KA_KA_Normal,19061,236,0.0124
2018-03-07_Seat_Leon_S_RT_Normal,34701,426,0.0123
2017-08-08_Seat_Leon_RT_S_Normal,24526,299,0.0122
2018-03-23_Seat_Leon_S_RT_Stau,38500,464,0.0121
2017-07-07_Seat_Leon_S_RT_Normal,27297,329,0.0121
2018-02-26_Seat_Leon_RT_RT_Frei,11525,138,0.012
2017-07-12_Seat_Leon_RT_S_Normal,43243,514,0.0119
2018-02-17_Seat_Leon_BB_RT_Normal_Glatteis,41602,485,0.0117
2018-02-23_Seat_Leon_S_S_Stau,22512,264,0.0117
2018-02-22_Seat_Leon_RT_S_Normal,36242,418,0.0115
2018-03-01_Seat_Leon_S_RT_Normal,54775,621,0.0113
2018-02-17_Seat_Leon_RT_BB_Frei,29332,332,0.0113
2018-03-02_Seat_Leon_RT_S_Normal,34639,392,0.0113
2018-03-01_Seat_Leon_RT_S_Normal,32088,361,0.0113
2018-03-23_Seat_Leon_RT_S_Normal,37547,419,0.0112
2018-03-26_Seat_Leon_S_RT_Stau,19501,215,0.011
2018-02-16_Seat_Leon_S_RT_Normal,28031,309,0.011
2018-02-27_Seat_Leon_KA_KA_Normal,17396,190,0.0109
2017-07-31_Seat_Leon_KA_KA_Frei,10628,115,0.0108
2018-03-22_Seat_Leon_S_RT_Normal,27570,294,0.0107
2017-08-09_Seat_Leon_S_RT_Normal,28048,291,0.0104
2017-07-05_Seat_Leon_RT_S_Stau,46340,476,0.0103
2018-03-08_Seat_Leon_RT_S_Normal,37058,368,0.0099
2018-02-28_Seat_Leon_RT_S_Normal,37376,345,0.0092
2018-02-21_Seat_Leon_BB_RT_Normal,24120,215,0.0089
2017-08-10_Seat_Leon_S_RT_Frei,19636,173,0.0088
2018-02-14_Seat_Leon_RT_S_Normal,30964,263,0.0085
2017-08-03_Seat_Leon_S_RT_Normal,25531,212,0.0083
2018-03-26_Seat_Leon_RT_S_Normal,33554,265,0.0079
2017-07-07_Seat_Leon_RT_S_Normal,38071,301,0.0079
2018-03-07_Seat_Leon_RT_S_Normal,34073,210,0.0062
2017-08-08_Seat_Leon_S_RT_Normal,24433,131,0.0054
